{
    "fvd": {
        "value": [
            418.74570857396975
        ]
    },
    "ssim": {
        "value": [
            0.6812269405766419
        ],
        "value_std": [
            0.0680860699208307
        ]
    },
    "psnr": {
        "value": [
            20.766871304377393
        ],
        "value_std": [
            1.2606692127704602
        ]
    },
    "lpips": {
        "value": [
            0.17361259430038686
        ],
        "value_std": [
            0.027378371429095136
        ]
    }
}