{
    "fvd": {
        "value": [
            314.489019478334
        ]
    },
    "psnr": {
        "value": [
            19.753233847422738
        ],
        "value_std": [
            4.705513972425669
        ]
    },
    "lpips": {
        "value": [
            -0.006834805341643897
        ],
        "value_std": [
            0.005469793350842361
        ]
    }
}