{
    "fvd": {
        "value": [
            292.79003068238353
        ]
    },
    "ssim": {
        "value": [
            0.7456024837246673
        ],
        "value_std": [
            0.15597706945116332
        ]
    },
    "psnr": {
        "value": [
            19.754392740139423
        ],
        "value_std": [
            4.633084368916305
        ]
    },
    "lpips": {
        "value": [
            -0.003736089803678882
        ],
        "value_std": [
            0.005551501263414806
        ]
    }
}