{
    "fvd": {
        "value": [
            258.6320560463854
        ]
    },
    "ssim": {
        "value": [
            0.7622999714916423
        ],
        "value_std": [
            0.1495359392725242
        ]
    },
    "psnr": {
        "value": [
            20.456761654134294
        ],
        "value_std": [
            4.916578677825278
        ]
    },
    "lpips": {
        "value": [
            -3.469837151517231e-05
        ],
        "value_std": [
            0.003801174253825061
        ]
    }
}