{
    "fvd": {
        "value": [
            395.2807913340271
        ]
    },
    "ssim": {
        "value": [
            0.7027828986396245
        ],
        "value_std": [
            0.16648280903852938
        ]
    },
    "psnr": {
        "value": [
            18.087181072102524
        ],
        "value_std": [
            4.295429070145117
        ]
    },
    "lpips": {
        "value": [
            -0.009590903448420342
        ],
        "value_std": [
            0.006226725087295725
        ]
    }
}