{
    "fvd": {
        "value": [
            159.52191368099693
        ]
    },
    "ssim": {
        "value": [
            0.8324120389660298
        ],
        "value_std": [
            0.13366448039966106
        ]
    },
    "psnr": {
        "value": [
            24.372668015332334
        ],
        "value_std": [
            6.3612831981986435
        ]
    },
    "lpips": {
        "value": [
            0.0003387144338295634
        ],
        "value_std": [
            0.0032547805226350104
        ]
    }
}