{
    "fvd": {
        "value": [
            191.5428996878441
        ]
    },
    "ssim": {
        "value": [
            0.8131112557145581
        ],
        "value_std": [
            0.14374195979356016
        ]
    },
    "psnr": {
        "value": [
            23.25881606024239
        ],
        "value_std": [
            6.0510961280081155
        ]
    },
    "lpips": {
        "value": [
            0.0015312753141087877
        ],
        "value_std": [
            0.0024583413913719446
        ]
    }
}