{
    "fvd": {
        "value": [
            313.3803756353147
        ]
    },
    "ssim": {
        "value": [
            0.7283587352151807
        ],
        "value_std": [
            0.164703372704498
        ]
    },
    "psnr": {
        "value": [
            19.636562346565288
        ],
        "value_std": [
            5.351042250714
        ]
    },
    "lpips": {
        "value": [
            0.004688458433764382
        ],
        "value_std": [
            0.005176036415760952
        ]
    }
}