{
    "fvd": {
        "value": [
            344.2695602416594
        ]
    },
    "ssim": {
        "value": [
            0.7079515491179094
        ],
        "value_std": [
            0.17422871954372576
        ]
    },
    "psnr": {
        "value": [
            19.057521750096655
        ],
        "value_std": [
            5.234041806314282
        ]
    },
    "lpips": {
        "value": [
            0.005033281173367885
        ],
        "value_std": [
            0.004115278977754118
        ]
    }
}